{"cameraMode":{"drawMode":0,"name":"Shaded","section":"Shading Mode"},"sceneLighting":true,"audioPlay":false,"sceneViewState":{"showFog":true,"showMaterialUpdate":false,"showSkybox":true,"showFlares":true,"showImageEffects":true,"showParticleSystems":true},"in2DMode":false,"pivot":{"x":1.64109468460083,"y":3.6288957595825197,"z":8.804764747619629},"rotation":{"x":-0.128390833735466,"y":0.8497679829597473,"z":-0.24234026670455934,"w":-0.4502032697200775},"size":7.071966648101807,"orthographic":true}